{
  "lang":"en",
  "name":"pipeline",
  "version":"0.0.0",
  "spacy_version":">=3.8.5,<3.9.0",
  "description":"",
  "author":"",
  "email":"",
  "url":"",
  "license":"",
  "spacy_git_version":"d0c705c",
  "vectors":{
    "width":0,
    "vectors":0,
    "keys":0,
    "name":null,
    "mode":"default"
  },
  "labels":{
    "tok2vec":[

    ],
    "ner":[
      "CERTIFICATION",
      "DATE",
      "DEGREE",
      "EMAIL",
      "LOC",
      "ORG",
      "PERSON",
      "PHONE",
      "PROJECT_DURATION",
      "PROJECT_ORG",
      "PROJECT_TITLE",
      "SKILL"
    ]
  },
  "pipeline":[
    "tok2vec",
    "ner"
  ],
  "components":[
    "tok2vec",
    "ner"
  ],
  "disabled":[

  ],
  "performance":{
    "ents_f":0.5282855195,
    "ents_p":0.4591276252,
    "ents_r":0.6219725708,
    "ents_per_type":{
      "PERSON":{
        "p":0.775175644,
        "r":0.7306843267,
        "f":0.7522727273
      },
      "PHONE":{
        "p":0.8526522593,
        "r":0.9623059867,
        "f":0.9041666667
      },
      "SKILL":{
        "p":0.4085100341,
        "r":0.6386710078,
        "f":0.4982968651
      },
      "EMAIL":{
        "p":0.9008097166,
        "r":0.9823399558,
        "f":0.9398099261
      },
      "ORG":{
        "p":0.562248996,
        "r":0.6158357771,
        "f":0.5878236529
      },
      "DATE":{
        "p":0.7354948805,
        "r":0.7864963504,
        "f":0.7601410935
      },
      "PROJECT_ORG":{
        "p":0.3129770992,
        "r":0.423553719,
        "f":0.3599648815
      },
      "PROJECT_TITLE":{
        "p":0.6060855263,
        "r":0.4552192712,
        "f":0.5199294533
      },
      "DEGREE":{
        "p":0.7578125,
        "r":0.7961696306,
        "f":0.7765176785
      },
      "LOC":{
        "p":0.5698924731,
        "r":0.1698717949,
        "f":0.2617283951
      },
      "CERTIFICATION":{
        "p":0.4740740741,
        "r":0.2245614035,
        "f":0.3047619048
      },
      "PROJECT_DURATION":{
        "p":0.5678733032,
        "r":0.4597069597,
        "f":0.508097166
      }
    },
    "tok2vec_loss":1167.9733689524,
    "ner_loss":8729.8154296875
  }
}